<application>
  <component name="ProjectJdkTable">
    <jdk version="2">
      <name value="Python 3.7.1" />
      <type value="Python SDK" />
      <version value="Python 3.7.1" />
      <homePath value="$USER_HOME$/.pyenv/versions/3.7.1/bin/python" />
      <roots>
        <classPath>
          <root type="composite">
            <root url="file://$USER_HOME$/.pyenv/versions/3.7.1/lib/python3.7" type="simple" />
            <root url="file://$USER_HOME$/.pyenv/versions/3.7.1/lib/python3.7/lib-dynload" type="simple" />
            <root url="file://$USER_HOME$/.pyenv/versions/3.7.1/lib/python3.7/site-packages" type="simple" />
            <root url="file://$USER_HOME$/.PyCharm2018.3/system/python_stubs/-1939613424" type="simple" />
            <root url="file://$APPLICATION_HOME_DIR$/helpers/python-skeletons" type="simple" />
            <root url="file://$APPLICATION_HOME_DIR$/helpers/typeshed/stdlib/3" type="simple" />
            <root url="file://$APPLICATION_HOME_DIR$/helpers/typeshed/stdlib/2and3" type="simple" />
            <root url="file://$APPLICATION_HOME_DIR$/helpers/typeshed/third_party/3" type="simple" />
            <root url="file://$APPLICATION_HOME_DIR$/helpers/typeshed/third_party/2and3" type="simple" />
          </root>
        </classPath>
        <sourcePath>
          <root type="composite" />
        </sourcePath>
      </roots>
      <additional />
    </jdk>
    <jdk version="2">
      <name value="Python 3.7.2" />
      <type value="Python SDK" />
      <version value="Python 3.7.2" />
      <homePath value="$USER_HOME$/.pyenv/versions/3.7.2/bin/python3.7" />
      <roots>
        <classPath>
          <root type="composite">
            <root url="file://$USER_HOME$/.pyenv/versions/3.7.2/lib/python3.7" type="simple" />
            <root url="file://$USER_HOME$/.pyenv/versions/3.7.2/lib/python3.7/lib-dynload" type="simple" />
            <root url="file://$USER_HOME$/.pyenv/versions/3.7.2/lib/python3.7/site-packages" type="simple" />
            <root url="file://$USER_HOME$/.PyCharm2018.3/system/python_stubs/-1320878995" type="simple" />
            <root url="file://$APPLICATION_HOME_DIR$/helpers/python-skeletons" type="simple" />
            <root url="file://$APPLICATION_HOME_DIR$/helpers/typeshed/stdlib/3" type="simple" />
            <root url="file://$APPLICATION_HOME_DIR$/helpers/typeshed/stdlib/2and3" type="simple" />
            <root url="file://$APPLICATION_HOME_DIR$/helpers/typeshed/third_party/3" type="simple" />
            <root url="file://$APPLICATION_HOME_DIR$/helpers/typeshed/third_party/2and3" type="simple" />
          </root>
        </classPath>
        <sourcePath>
          <root type="composite" />
        </sourcePath>
      </roots>
      <additional />
    </jdk>
  </component>
</application>