<application>
  <component name="AppInspectionProfilesVisibleTreeState">
    <entry key="Default">
      <profile-state>
        <expanded-state>
          <State />
        </expanded-state>
        <selected-state>
          <State>
            <id>Spelling</id>
          </State>
        </selected-state>
      </profile-state>
    </entry>
  </component>
  <component name="NodeJsLocalInterpreters">
    <local-interpreter path="$USER_HOME$/.nvm/versions/node/v8.12.0/bin/node">
      <version-cache version="8.12.0" last-modified="1536604060000" />
    </local-interpreter>
  </component>
  <component name="PyTestFrameworkService">
    <option name="SDK_TO_PYTEST">
      <map>
        <entry key="$USER_HOME$/.local/share/virtualenvs/abbe-RnVPc8uy/bin/python" value="false" />
        <entry key="$USER_HOME$/.pyenv/versions/3.6.5/bin/python" value="false" />
        <entry key="$USER_HOME$/.pyenv/versions/3.7.0/bin/python" value="false" />
        <entry key="$USER_HOME$/.pyenv/versions/3.7.1/bin/python" value="false" />
        <entry key="$USER_HOME$/.pyenv/versions/3.7.2/bin/python3.7" value="false" />
        <entry key="/usr/bin/python2" value="false" />
      </map>
    </option>
    <option name="SDK_TO_NOSETEST">
      <map>
        <entry key="$USER_HOME$/.local/share/virtualenvs/abbe-RnVPc8uy/bin/python" value="false" />
        <entry key="$USER_HOME$/.pyenv/versions/3.6.5/bin/python" value="false" />
        <entry key="$USER_HOME$/.pyenv/versions/3.7.0/bin/python" value="false" />
        <entry key="$USER_HOME$/.pyenv/versions/3.7.1/bin/python" value="false" />
        <entry key="$USER_HOME$/.pyenv/versions/3.7.2/bin/python3.7" value="false" />
        <entry key="/usr/bin/python2" value="false" />
      </map>
    </option>
    <option name="SDK_TO_TRIALTEST">
      <map>
        <entry key="$USER_HOME$/.local/share/virtualenvs/abbe-RnVPc8uy/bin/python" value="false" />
        <entry key="$USER_HOME$/.pyenv/versions/3.6.5/bin/python" value="false" />
        <entry key="$USER_HOME$/.pyenv/versions/3.7.0/bin/python" value="false" />
        <entry key="$USER_HOME$/.pyenv/versions/3.7.1/bin/python" value="false" />
        <entry key="$USER_HOME$/.pyenv/versions/3.7.2/bin/python3.7" value="false" />
        <entry key="/usr/bin/python2" value="false" />
      </map>
    </option>
  </component>
</application>