<application>
  <component name="ProjectManager">
    <defaultProject>
      <component name="Encoding" addBOMForNewFiles="with NO BOM" />
      <component name="EslintConfiguration">
        <custom-configuration-file used="true" path="$USER_HOME$/.eslintrc.json" />
      </component>
      <component name="InspectionProjectProfileManager">
        <profile version="1.0">
          <option name="myName" value="Project Default" />
          <inspection_tool class="SpellCheckingInspection" enabled="false" level="TYPO" enabled_by_default="false">
            <option name="processCode" value="true" />
            <option name="processLiterals" value="true" />
            <option name="processComments" value="true" />
          </inspection_tool>
        </profile>
        <version value="1.0" />
      </component>
      <component name="JavaScriptSettings">
        <option name="languageLevel" value="ES6" />
      </component>
      <component name="JsBowerSettings">
        <node-interpreter value="project" />
        <bower-package value="" />
        <bower.json value="" />
      </component>
      <component name="JsFlowSettings">
        <service-enabled>true</service-enabled>
        <exe-path />
        <other-services-enabled>true</other-services-enabled>
        <auto-save>true</auto-save>
      </component>
      <component name="ProjectInspectionProfilesVisibleTreeState">
        <entry key="Project Default">
          <profile-state>
            <expanded-state>
              <State />
              <State>
                <id>Python</id>
              </State>
            </expanded-state>
            <selected-state>
              <State>
                <id>Python</id>
              </State>
            </selected-state>
          </profile-state>
        </entry>
      </component>
      <component name="ProjectRootManager" version="2" project-jdk-name="Python 3.7.2" project-jdk-type="Python SDK" />
      <component name="PropertiesComponent">
        <property name="JavaScriptWeakerCompletionTypeGuess" value="true" />
        <property name="last_opened_file_path" value="$USER_HOME$/.eslintrc.json" />
        <property name="node.js.path.for.package.eslint" value="project" />
        <property name="node.js.path.for.package.jscs" value="project" />
        <property name="node.js.path.for.package.standard" value="project" />
        <property name="node.js.selected.package.eslint" value="$USER_HOME$/.nvm/versions/node/v8.12.0/lib/node_modules/eslint" />
        <property name="node.js.selected.package.jscs" value="" />
        <property name="node.js.selected.package.standard" value="$USER_HOME$/.nvm/versions/node/v8.12.0/lib/node_modules/eslint" />
        <property name="nodejs_interpreter_path" value="node" />
        <property name="nodejs_interpreter_path.stuck_in_default_project" value="undefined stuck path" />
        <property name="nodejs_npm_path_reset_for_default_project" value="true" />
        <property name="nodejs_package_manager_path" value="npm" />
        <property name="settings.editor.selected.configurable" value="com.jetbrains.python.configuration.PyActiveSdkModuleConfigurable" />
      </component>
      <component name="PyConsoleOptionsProvider">
        <option name="myPythonConsoleState">
          <console-settings is-module-sdk="true">
            <option name="myUseModuleSdk" value="true" />
          </console-settings>
        </option>
      </component>
      <component name="TypeScriptCompiler">
        <option name="useService" value="false" />
      </component>
      <component name="VcsContentAnnotationSettings">
        <option name="myLimit" value="2678400000" />
      </component>
      <component name="masterDetails">
        <states>
          <state key="ScopeChooserConfigurable.UI">
            <settings>
              <splitter-proportions>
                <option name="proportions">
                  <list>
                    <option value="0.2" />
                  </list>
                </option>
              </splitter-proportions>
            </settings>
          </state>
        </states>
      </component>
    </defaultProject>
  </component>
</application>